tank,experiment,treatment_pH,treatment_temp,mean_pH,mean_temp_C,rate,.lower,.upper,.width,.point,.interval
2012-2013 | pH 7.8 | +2C,2012-2013,pH 7.8,+2C,7.760851449275362,10.358152173913044,0.0031021142693664515,0.0024735925323434126,0.0037177294500343448,0.95,median,qi
2012-2013 | pH 7.8 | +4C,2012-2013,pH 7.8,+4C,7.7443114754098366,12.302185792349729,0.003150813318813463,0.0017642053990378577,0.0045358104644748305,0.95,median,qi
2012-2013 | pH 7.8 | ambient,2012-2013,pH 7.8,ambient,7.7876811594202895,8.54981884057971,0.0031549519467749666,0.0023058702911205034,0.0040032869618185675,0.95,median,qi
2012-2013 | ambient | +4C,2012-2013,ambient,+4C,7.935851449275362,12.219384057971014,0.00330548384370005,0.002336615907425154,0.004262777330924125,0.95,median,qi
2012-2013 | ambient | +2C,2012-2013,ambient,+2C,7.962336956521739,10.215760869565218,0.0036394083681214554,0.0030283879705867464,0.004270567201385925,0.95,median,qi
2012-2013 | ambient | ambient,2012-2013,ambient,ambient,7.992173913043478,8.380615942028985,0.0040689399976723915,0.0031899795941022005,0.004958936187096196,0.95,median,qi
2010-2011 | pH 7.8 | ambient,2010-2011,pH 7.8,ambient,7.802,9.1,0.004877268643871537,0.003960318676187885,0.005825618632119337,0.95,median,qi
2010-2011 | ambient | ambient,2010-2011,ambient,ambient,8.04,9.1,0.005782943669926333,0.005010135628471191,0.006592735745685765,0.95,median,qi
